DBH,Site,logDBH
6.5,1,1.87180217690159
8.8,1,2.17475172148416
5.3,1,1.66770682055808
8.2,1,2.10413415427021
9.2,1,2.21920348405499
6.6,2,1.88706964903238
6.3,2,1.84054963339749
8,2,2.07944154167984
5.8,2,1.75785791755237
10.9,3,2.3887627892351
8.7,3,2.16332302566054
6.1,3,1.80828877117927
12.3,3,2.50959926237837
5.8,3,1.75785791755237
4.4,4,1.48160454092422
2.6,4,0.955511445027436
3.6,4,1.28093384546206
3.7,4,1.30833281965018
